filename,folder,width,height,xmin,ymin,xmax,ymax,ocr_text,worth_ocr,image_path
Cars0.png,images,500,268,101.24799999999999,104.47761194029852,187.712,144.59701492537314,KLG1CA2555,1.0,content\images\Cars0.png
Cars1.png,images,400,248,75.03999999999999,115.61290322580645,146.72,144.51612903225805,PGoMN112,1.0,content\images\Cars1.png
Cars10.png,images,400,225,78.39999999999999,4.977777777777777,169.67999999999998,147.3422222222222,[NO TEXT],0.0,content\images\Cars10.png
Cars100.png,images,400,267,98.0,95.64044943820224,119.83999999999999,109.90262172284643,[NO TEXT],0.0,content\images\Cars100.png
Cars101.png,images,400,300,93.52,150.82666666666668,134.4,164.26666666666668,HR 26 BC 55I4,1.0,content\images\Cars101.png
Cars102.png,images,350,263,42.24,125.20152091254754,206.08,169.49049429657796,6861136,1.0,content\images\Cars102.png
Cars103.png,images,400,196,128.79999999999998,147.42857142857142,138.88,153.14285714285714,[NO TEXT],0.0,content\images\Cars103.png
Cars103.png,images,400,196,105.83999999999999,132.57142857142858,113.11999999999999,138.28571428571428,nan,,content\images\Cars103.png
Cars104.png,images,500,374,87.36,159.31550802139037,109.312,168.89839572192514,NL60LXB,1.0,content\images\Cars104.png
Cars105.png,images,400,240,85.11999999999999,137.20000000000002,115.36,148.4,SBA1234A,1.0,content\images\Cars105.png
Cars106.png,images,400,247,77.28,71.64372469635627,99.11999999999999,83.43319838056681,[NO TEXT],0.0,content\images\Cars106.png
Cars106.png,images,400,247,137.2,71.64372469635627,151.2,85.24696356275304,nan,,content\images\Cars106.png
Cars106.png,images,400,247,94.64,183.19028340080973,107.52,209.48987854251013,nan,,content\images\Cars106.png
Cars106.png,images,400,247,126.0,175.93522267206478,156.23999999999998,196.79352226720647,nan,,content\images\Cars106.png
Cars107.png,images,471,270,67.05732484076432,93.74814814814815,147.90658174097663,136.05925925925928,MH 20 BQ 20,1.0,content\images\Cars107.png
Cars108.png,images,442,333,80.07239819004525,145.2972972972973,140.38009049773754,166.82282282282284,MHO 1 AV8866,1.0,content\images\Cars108.png
Cars109.png,images,400,267,64.39999999999999,97.31835205992509,155.67999999999998,128.35955056179773,CZ17 KOD,1.0,content\images\Cars109.png
Cars11.png,images,400,305,73.36,151.29180327868852,152.88,171.85573770491803,WOR 516K,1.0,content\images\Cars11.png
Cars110.png,images,400,267,160.16,111.58052434456928,183.67999999999998,133.39325842696627,F1,1.0,content\images\Cars110.png
Cars111.png,images,600,338,119.09333333333335,109.3491124260355,178.45333333333335,135.19526627218934,MH 20 EE 7598,1.0,content\images\Cars111.png
Cars112.png,images,240,400,45.733333333333334,75.6,153.06666666666666,106.96,SHAKNBK,1.0,content\images\Cars112.png
Cars113.png,images,400,300,84.56,84.37333333333333,171.35999999999999,134.4,MPEACHW,1.0,content\images\Cars113.png
Cars114.png,images,500,300,3.136,11.946666666666667,220.864,191.14666666666668,[NO TEXT],0.0,content\images\Cars114.png
Cars115.png,images,507,388,139.1715976331361,165.69072164948452,179.81854043392505,179.5463917525773,M666 YOB,1.0,content\images\Cars115.png
Cars116.png,images,400,332,83.44,147.08433734939757,149.51999999999998,166.65060240963854,MK-35-32,1.0,content\images\Cars116.png
Cars117.png,images,400,185,23.52,152.56216216216217,48.16,165.88108108108108,[NO TEXT],0.0,content\images\Cars117.png
Cars118.png,images,600,375,72.05333333333334,98.56,147.09333333333333,129.62133333333333,JA62 UAR,1.0,content\images\Cars118.png
Cars119.png,images,400,247,104.72,126.96356275303644,121.52,138.75303643724698,[NO TEXT],0.0,content\images\Cars119.png
Cars12.png,images,400,141,68.32,130.2695035460993,155.12,185.87234042553192,MH12BG7237,1.0,content\images\Cars12.png
Cars120.png,images,400,265,89.03999999999999,150.46037735849058,140.0,169.05660377358492,B 2228HM,1.0,content\images\Cars120.png
Cars121.png,images,400,300,188.16,143.36,199.92,152.32000000000002,[NO TEXT],0.0,content\images\Cars121.png
Cars122.png,images,400,300,109.19999999999999,109.76,142.23999999999998,126.18666666666668,MANISA,1.0,content\images\Cars122.png
Cars123.png,images,400,300,89.03999999999999,165.01333333333335,132.72,180.69333333333336,HR 26 BC 5514,1.0,content\images\Cars123.png
Cars124.png,images,400,267,170.79999999999998,214.77153558052433,179.2,223.99999999999997,[NO TEXT],0.0,content\images\Cars124.png
Cars125.png,images,400,260,156.79999999999998,168.86153846153846,198.79999999999998,221.4153846153846,RP66887,0.0,content\images\Cars125.png
Cars126.png,images,400,300,57.68,73.92,164.07999999999998,150.08,KA G5MG1909,1.0,content\images\Cars126.png
Cars127.png,images,400,267,201.6,139.26591760299624,214.48,151.85018726591758,[NO TEXT],0.0,content\images\Cars127.png
Cars128.png,images,400,225,62.72,64.71111111111111,171.35999999999999,172.2311111111111,OX65 AWD,1.0,content\images\Cars128.png
Cars129.png,images,530,398,86.21886792452831,119.87939698492463,119.18490566037737,150.2713567839196,OPEC LOL,1.0,content\images\Cars129.png
Cars13.png,images,400,268,106.96,122.86567164179105,135.51999999999998,141.2537313432836,BJR216,1.0,content\images\Cars13.png
Cars130.png,images,400,267,50.959999999999994,92.28464419475655,92.96,117.45318352059924,HR 26 BR 9044,1.0,content\images\Cars130.png
Cars131.png,images,500,300,8.512,21.653333333333336,222.656,182.93333333333334,[NO TEXT],0.0,content\images\Cars131.png
Cars132.png,images,400,225,12.879999999999999,189.15555555555554,31.36,197.11999999999998,[NO TEXT],0.0,content\images\Cars132.png
Cars132.png,images,400,225,211.67999999999998,187.16444444444443,224.0,199.1111111111111,nan,,content\images\Cars132.png
Cars133.png,images,600,411,92.21333333333334,100.82725060827251,140.0,121.53771289537713,1268,1.0,content\images\Cars133.png
Cars134.png,images,400,267,42.559999999999995,126.6816479400749,74.47999999999999,145.97752808988764,LI9 TLC,1.0,content\images\Cars134.png
Cars135.png,images,400,225,145.6,183.1822222222222,178.64,210.0622222222222,[NO TEXT],0.0,content\images\Cars135.png
Cars136.png,images,400,267,91.83999999999999,87.25093632958801,137.2,99.83520599250936,15474,1.0,content\images\Cars136.png
Cars137.png,images,400,267,99.67999999999999,151.85018726591758,114.24,160.23970037453182,[NO TEXT],0.0,content\images\Cars137.png
Cars138.png,images,400,301,85.67999999999999,104.93023255813954,142.23999999999998,137.67441860465115,[NO TEXT],0.0,content\images\Cars138.png
Cars139.png,images,400,300,176.39999999999998,141.12,188.72,147.09333333333333,[NO TEXT],0.0,content\images\Cars139.png
Cars139.png,images,400,300,108.08,167.25333333333336,129.35999999999999,173.97333333333336,nan,,content\images\Cars139.png
Cars14.png,images,400,225,52.64,117.47555555555554,153.44,162.27555555555554,ALR 486,1.0,content\images\Cars14.png
Cars140.png,images,435,290,145.7287356321839,184.60689655172413,218.33563218390805,220.9103448275862,CH01AN0001,1.0,content\images\Cars140.png
Cars141.png,images,400,267,148.95999999999998,141.7827715355805,171.92,157.72284644194755,[NO TEXT],0.0,content\images\Cars141.png
Cars142.png,images,400,198,99.67999999999999,140.2828282828283,152.88,162.9090909090909,[NO TEXT],0.0,content\images\Cars142.png
Cars143.png,images,400,267,52.08,164.43445692883893,72.8,173.6629213483146,FU3346,1.0,content\images\Cars143.png
Cars143.png,images,400,267,176.95999999999998,163.59550561797752,195.44,171.98501872659173,nan,,content\images\Cars143.png
Cars144.png,images,320,260,70.7,98.21538461538461,150.5,132.67692307692306,PEN15,1.0,content\images\Cars144.png
Cars145.png,images,435,290,145.21379310344827,182.28965517241377,217.30574712643678,218.59310344827585,CH01AN0001,1.0,content\images\Cars145.png
Cars146.png,images,400,300,80.08,196.37333333333333,95.19999999999999,202.3466666666667,[NO TEXT],0.0,content\images\Cars146.png
Cars146.png,images,400,300,142.23999999999998,177.70666666666668,156.79999999999998,184.42666666666668,nan,,content\images\Cars146.png
Cars146.png,images,400,300,30.24,141.12,43.68,146.34666666666666,nan,,content\images\Cars146.png
Cars146.png,images,400,300,62.16,144.85333333333335,72.24,152.32000000000002,nan,,content\images\Cars146.png
Cars147.png,images,500,268,101.24799999999999,104.47761194029852,188.16,141.2537313432836,KLG1CA2555,1.0,content\images\Cars147.png
Cars148.png,images,400,225,75.6,133.40444444444444,122.08,157.29777777777775,MH01BB550,1.0,content\images\Cars148.png
Cars149.png,images,400,281,118.72,145.08185053380782,137.2,161.8220640569395,7VI6263,1.0,content\images\Cars149.png
Cars15.png,images,400,267,173.6,122.48689138576778,208.32,143.46067415730337,TN21BY0166,1.0,content\images\Cars15.png
Cars150.png,images,400,300,68.32,147.84,146.72,173.2266666666667,DL8CX 4850,1.0,content\images\Cars150.png
Cars151.png,images,400,242,30.24,124.95867768595042,67.2,164.7603305785124,DL3CBD5092,1.0,content\images\Cars151.png
Cars152.png,images,467,300,44.12847965738759,192.64000000000001,95.45182012847967,212.05333333333334,DL49 AK49,1.0,content\images\Cars152.png
Cars153.png,images,471,270,69.43524416135881,97.8962962962963,147.90658174097663,141.03703703703704,MH 20BQ20,1.0,content\images\Cars153.png
Cars154.png,images,375,500,41.81333333333333,88.256,157.696,118.72,2662,1.0,content\images\Cars154.png
Cars155.png,images,400,267,84.0,148.4943820224719,113.67999999999999,159.4007490636704,MCB025,1.0,content\images\Cars155.png
Cars156.png,images,400,200,63.839999999999996,87.36,128.79999999999998,114.24,PRIV ATE,1.0,content\images\Cars156.png
Cars157.png,images,400,267,184.79999999999998,127.52059925093631,204.95999999999998,150.17228464419475,PYB557K,1.0,content\images\Cars157.png
Cars158.png,images,400,300,54.32,88.10666666666667,165.76,156.8,695299,1.0,content\images\Cars158.png
Cars159.png,images,400,332,83.44,124.144578313253,146.16,142.36144578313252,DL7CN5617,1.0,content\images\Cars159.png
Cars16.png,images,400,221,20.16,177.37556561085972,34.72,188.52488687782804,[NO TEXT],0.0,content\images\Cars16.png
Cars160.png,images,500,300,93.63199999999999,102.29333333333334,125.88799999999999,129.92000000000002,OO7PLATE.COM,1.0,content\images\Cars160.png
Cars161.png,images,507,388,137.84615384615384,163.38144329896906,179.3767258382643,179.5463917525773,M666 YOB,1.0,content\images\Cars161.png
Cars162.png,images,560,315,80.4,119.46666666666667,107.2,151.46666666666667,[NO TEXT],0.0,content\images\Cars162.png
Cars163.png,images,590,350,83.52542372881355,110.72,136.6779661016949,128.0,LR33 TEE,1.0,content\images\Cars163.png
Cars164.png,images,400,268,89.6,120.35820895522389,133.84,152.95522388059703,GT,1.0,content\images\Cars164.png
Cars165.png,images,590,343,79.34915254237288,141.71428571428572,111.24067796610169,165.87755102040816,TN21AU 1153,1.0,content\images\Cars165.png
Cars166.png,images,300,400,110.50666666666667,68.88,150.08,84.0,IM A CAR,1.0,content\images\Cars166.png
Cars167.png,images,500,400,78.848,142.23999999999998,146.496,159.6,15-LK-10898,1.0,content\images\Cars167.png
Cars168.png,images,400,225,45.919999999999995,94.57777777777777,76.72,124.44444444444443,2222,0.0,content\images\Cars168.png
Cars169.png,images,400,200,63.839999999999996,88.47999999999999,128.23999999999998,113.11999999999999,PRIV ATE,1.0,content\images\Cars169.png
Cars17.png,images,400,267,171.35999999999999,157.72284644194755,196.56,171.98501872659173,YSX 213,1.0,content\images\Cars17.png
Cars170.png,images,500,365,142.464,116.6027397260274,155.008,137.46849315068494,983,1.0,content\images\Cars170.png
Cars171.png,images,400,268,107.52,122.02985074626866,135.51999999999998,139.5820895522388,BJR216,1.0,content\images\Cars171.png
Cars172.png,images,457,422,84.7964989059081,110.93838862559242,147.53610503282275,126.86255924170617,C 09,0.0,content\images\Cars172.png
Cars173.png,images,400,226,95.19999999999999,116.95575221238938,141.12,161.55752212389382,WMY-9051,1.0,content\images\Cars173.png
Cars174.png,images,400,225,158.48,158.29333333333332,171.35999999999999,167.25333333333333,[NO TEXT],0.0,content\images\Cars174.png
Cars174.png,images,400,225,57.68,149.33333333333331,68.32,157.29777777777775,nan,,content\images\Cars174.png
Cars175.png,images,600,450,110.13333333333334,117.97333333333333,170.24,182.68444444444444,DL!N4268,1.0,content\images\Cars175.png
Cars176.png,images,400,250,40.32,60.032,172.48,165.76,EVO9FTW,1.0,content\images\Cars176.png
Cars177.png,images,400,238,83.44,156.23529411764707,152.32,181.64705882352942,GOOD,1.0,content\images\Cars177.png
Cars178.png,images,300,223,94.08000000000001,180.8071748878924,129.17333333333335,205.91928251121075,522 92Z,1.0,content\images\Cars178.png
Cars179.png,images,400,267,40.32,134.2322097378277,73.92,165.27340823970036,4SZW590,1.0,content\images\Cars179.png
Cars18.png,images,507,388,138.2879684418146,165.11340206185565,178.93491124260353,179.5463917525773,M666YOB,1.0,content\images\Cars18.png
Cars180.png,images,400,300,84.56,85.86666666666667,170.23999999999998,139.62666666666667,MPEACHW,1.0,content\images\Cars180.png
Cars181.png,images,225,400,68.69333333333333,109.19999999999999,127.4311111111111,117.03999999999999,JHIIHAD,1.0,content\images\Cars181.png
Cars182.png,images,400,225,94.08,138.3822222222222,138.32,158.29333333333332,VI2LAF,1.0,content\images\Cars182.png
Cars183.png,images,590,350,36.827118644067795,88.32,88.8406779661017,108.8,BRIT 0001,1.0,content\images\Cars183.png
Cars184.png,images,400,225,91.28,145.3511111111111,118.72,158.29333333333332,SWIFT,1.0,content\images\Cars184.png
Cars185.png,images,400,267,86.24,123.32584269662921,164.07999999999998,162.7565543071161,[NO TEXT],0.0,content\images\Cars185.png
Cars186.png,images,400,230,98.0,148.03478260869568,135.51999999999998,170.43478260869566,26-SPF-4,1.0,content\images\Cars186.png
Cars187.png,images,400,225,53.76,115.48444444444443,160.72,154.3111111111111,ALR 486,1.0,content\images\Cars187.png
Cars188.png,images,300,400,23.893333333333334,103.03999999999999,32.10666666666667,108.08,[NO TEXT],0.0,content\images\Cars188.png
Cars189.png,images,435,290,146.75862068965517,186.151724137931,217.8206896551724,220.9103448275862,CH01AN0001,1.0,content\images\Cars189.png
Cars19.png,images,400,240,82.88,182.0,123.75999999999999,216.53333333333333,AFR.2011,1.0,content\images\Cars19.png
Cars190.png,images,400,300,83.44,156.8,137.2,175.46666666666667,KL54A2670,1.0,content\images\Cars190.png
Cars191.png,images,400,246,53.76,172.09756097560975,111.44,197.59349593495932,KA03AB3380,1.0,content\images\Cars191.png
Cars192.png,images,323,227,74.89783281733746,148.01762114537445,146.328173374613,170.7136563876652,E4 GLE,1.0,content\images\Cars192.png
Cars193.png,images,400,267,171.35999999999999,161.91760299625466,192.64,179.53558052434457,669VSM,0.0,content\images\Cars193.png
Cars194.png,images,400,266,149.51999999999998,143.1578947368421,176.95999999999998,154.10526315789474,TN 21 BZ GT68,0.0,content\images\Cars194.png
Cars195.png,images,585,331,172.30769230769232,150.91238670694864,201.408547008547,165.1238670694864,Ciaz,1.0,content\images\Cars195.png
Cars196.png,images,400,259,58.8,110.70270270270271,72.8,121.08108108108108,[NO TEXT],0.0,content\images\Cars196.png
Cars197.png,images,590,350,84.28474576271186,112.64,136.29830508474575,128.64,LR33TEE,1.0,content\images\Cars197.png
Cars198.png,images,442,333,84.12669683257919,151.35135135135135,138.35294117647058,165.4774774774775,MH01AV8866,1.0,content\images\Cars198.png
Cars199.png,images,400,266,33.04,74.10526315789474,173.6,133.05263157894737,MHO1AE8017,1.0,content\images\Cars199.png
Cars2.png,images,400,400,128.23999999999998,98.55999999999999,151.2,108.08,[NO TEXT],0.0,content\images\Cars2.png
Cars20.png,images,400,244,10.08,123.9344262295082,26.88,139.54098360655738,[NO TEXT],0.0,content\images\Cars20.png
Cars200.png,images,400,246,53.199999999999996,172.09756097560975,109.19999999999999,197.59349593495932,KA03AB3380,1.0,content\images\Cars200.png
Cars201.png,images,590,350,82.00677966101695,109.44,139.33559322033898,133.12,LR33 TEE,1.0,content\images\Cars201.png
Cars202.png,images,300,225,147.09333333333333,134.39999999999998,185.92000000000002,158.29333333333332,KWID,1.0,content\images\Cars202.png
Cars203.png,images,400,267,64.96,93.96254681647939,151.76,138.4269662921348,CZ17 KOD,1.0,content\images\Cars203.png
Cars204.png,images,500,375,86.464,86.61333333333333,124.99199999999999,111.70133333333334,N BYOND,1.0,content\images\Cars204.png
Cars205.png,images,399,400,87.57894736842105,90.72,124.0701754385965,111.44,NOTACOP,1.0,content\images\Cars205.png
Cars206.png,images,400,300,53.199999999999996,138.13333333333335,91.83999999999999,153.81333333333333,HR 26 BU 0380,1.0,content\images\Cars206.png
Cars207.png,images,400,478,142.23999999999998,107.31380753138075,208.32,123.7154811715481,K817GR,1.0,content\images\Cars207.png
Cars208.png,images,400,268,79.52,102.80597014925374,129.92,141.2537313432836,V-8,1.0,content\images\Cars208.png
Cars209.png,images,400,300,201.04,128.42666666666668,216.72,138.88000000000002,[NO TEXT],0.0,content\images\Cars209.png
Cars21.png,images,400,301,106.96,122.79069767441861,142.79999999999998,142.88372093023256,!RQ,1.0,content\images\Cars21.png
Cars210.png,images,400,266,30.24,75.78947368421052,176.39999999999998,133.89473684210526,MHO1AE8017,1.0,content\images\Cars210.png
Cars211.png,images,400,295,15.68,48.59661016949152,216.72,178.44067796610167,F 65022,1.0,content\images\Cars211.png
Cars212.png,images,400,300,58.8,70.18666666666667,162.39999999999998,105.28,KL 65 H 4383,1.0,content\images\Cars212.png
Cars213.png,images,400,300,84.0,119.46666666666667,130.48,144.85333333333335,DID2,0.0,content\images\Cars213.png
Cars214.png,images,400,243,105.28,111.53909465020575,119.83999999999999,123.52263374485597,[NO TEXT],0.0,content\images\Cars214.png
Cars215.png,images,400,225,51.519999999999996,104.53333333333332,90.72,122.45333333333332,CH 9984,1.0,content\images\Cars215.png
Cars216.png,images,530,398,86.64150943396227,120.44221105527639,118.33962264150945,147.4572864321608,OPEC LOL,1.0,content\images\Cars216.png
Cars217.png,images,400,240,83.44,182.93333333333334,124.88,215.6,AFR-2011,1.0,content\images\Cars217.png
Cars218.png,images,400,253,0.0,146.97233201581025,15.12,166.45059288537547,25Z5,1.0,content\images\Cars218.png
Cars219.png,images,600,450,47.413333333333334,85.61777777777777,172.48000000000002,117.47555555555554,KA03 MG 2784,1.0,content\images\Cars219.png
Cars22.png,images,400,299,115.91999999999999,77.91304347826087,145.6,86.90301003344482,YAMRAJ,1.0,content\images\Cars22.png
Cars220.png,images,400,265,79.52,142.00754716981135,105.28,153.84150943396227,PG55585,1.0,content\images\Cars220.png
Cars221.png,images,400,225,57.12,121.45777777777776,70.0,134.39999999999998,[NO TEXT],0.0,content\images\Cars221.png
Cars222.png,images,400,230,99.67999999999999,153.87826086956522,131.6,165.56521739130437,26-SPF-4,1.0,content\images\Cars222.png
Cars223.png,images,600,400,129.54666666666668,129.35999999999999,151.9466666666667,139.44,VHB-431,1.0,content\images\Cars223.png
Cars224.png,images,480,360,84.46666666666667,155.55555555555554,113.4,171.11111111111111,[NO TEXT],0.0,content\images\Cars224.png
Cars225.png,images,600,375,70.56,96.17066666666668,143.36,128.42666666666668,JA62 UAR,1.0,content\images\Cars225.png
Cars226.png,images,400,267,139.44,162.7565543071161,178.07999999999998,178.69662921348313,TN 19 S 4523,1.0,content\images\Cars226.png
Cars227.png,images,400,267,66.08,166.9513108614232,85.67999999999999,177.0187265917603,[NO TEXT],0.0,content\images\Cars227.png
Cars228.png,images,400,197,48.16,144.40609137055839,63.279999999999994,162.5989847715736,[NO TEXT],0.0,content\images\Cars228.png
Cars229.png,images,400,225,141.67999999999998,162.27555555555554,159.04,176.2133333333333,[NO TEXT],0.0,content\images\Cars229.png
Cars23.png,images,400,299,80.08,128.8561872909699,119.27999999999999,158.0735785953177,9214,1.0,content\images\Cars23.png
Cars230.png,images,590,350,84.28474576271186,110.72,137.05762711864406,129.28,LR33 TEE,1.0,content\images\Cars230.png
Cars231.png,images,400,267,35.839999999999996,134.2322097378277,74.47999999999999,151.01123595505618,GB18 TCE,1.0,content\images\Cars231.png
Cars232.png,images,400,300,98.0,129.92000000000002,127.67999999999999,150.08,[NO TEXT],0.0,content\images\Cars232.png
Cars233.png,images,400,151,105.83999999999999,81.58940397350993,145.04,115.70860927152317,UP 16 T C1366,1.0,content\images\Cars233.png
Cars234.png,images,400,233,89.6,143.24463519313306,137.76,164.39484978540773,IM4U 555,1.0,content\images\Cars234.png
Cars235.png,images,400,225,85.11999999999999,144.35555555555555,138.32,166.25777777777776,GJ03JL0126,1.0,content\images\Cars235.png
Cars236.png,images,400,176,124.88,134.9090909090909,140.0,151.45454545454547,[NO TEXT],0.0,content\images\Cars236.png
Cars237.png,images,236,314,112.0,105.57961783439491,146.16949152542372,120.56050955414014,[NO TEXT],0.0,content\images\Cars237.png
Cars238.png,images,600,400,103.04,104.16,147.84,152.88,A D00008,1.0,content\images\Cars238.png
Cars239.png,images,500,400,78.848,142.23999999999998,146.048,159.04,15-LK-10898,1.0,content\images\Cars239.png
Cars24.png,images,400,300,93.52,150.82666666666668,134.4,165.01333333333335,HR 26 BC 5514,1.0,content\images\Cars24.png
Cars240.png,images,400,225,95.75999999999999,115.48444444444443,129.92,131.41333333333333,1 CD AF,1.0,content\images\Cars240.png
Cars241.png,images,400,267,70.56,119.13108614232209,134.95999999999998,166.9513108614232,3SAM123,1.0,content\images\Cars241.png
Cars242.png,images,400,400,125.44,95.19999999999999,155.12,111.44,[NO TEXT],0.0,content\images\Cars242.png
Cars243.png,images,600,450,48.160000000000004,86.61333333333333,173.60000000000002,116.97777777777776,KA.03.MG . 2784,1.0,content\images\Cars243.png
Cars244.png,images,400,300,11.2,64.96000000000001,201.6,115.73333333333335,21-801-27,1.0,content\images\Cars244.png
Cars245.png,images,400,267,50.959999999999994,92.28464419475655,91.83999999999999,115.77528089887639,HR 26.BR.9044,1.0,content\images\Cars245.png
Cars246.png,images,400,267,27.439999999999998,136.74906367041197,62.72,161.91760299625466,TS009 TC 268,1.0,content\images\Cars246.png
Cars247.png,images,400,225,82.32,10.95111111111111,168.0,148.33777777777777,[NO TEXT],0.0,content\images\Cars247.png
Cars248.png,images,400,300,103.03999999999999,106.77333333333334,174.16,142.61333333333334,MH12DE1433,1.0,content\images\Cars248.png
Cars249.png,images,400,247,66.08,82.52631578947368,83.44,89.78137651821862,[NO TEXT],0.0,content\images\Cars249.png
Cars249.png,images,400,247,133.28,54.412955465587046,150.64,71.64372469635627,nan,,content\images\Cars249.png
Cars249.png,images,400,247,74.47999999999999,176.8421052631579,90.16,184.09716599190284,nan,,content\images\Cars249.png
Cars249.png,images,400,247,168.0,188.63157894736844,198.23999999999998,204.95546558704453,nan,,content\images\Cars249.png
Cars25.png,images,400,225,99.11999999999999,138.3822222222222,120.96,158.29333333333332,[NO TEXT],0.0,content\images\Cars25.png
Cars250.png,images,400,248,73.92,111.09677419354838,146.16,144.51612903225805,PG MN112,1.0,content\images\Cars250.png
Cars251.png,images,400,225,76.16,133.40444444444444,117.6,152.32,H982FKL,1.0,content\images\Cars251.png
Cars252.png,images,500,380,77.952,139.70526315789473,140.672,161.5157894736842,DAN54P,1.0,content\images\Cars252.png
Cars253.png,images,400,210,14.0,132.26666666666668,35.839999999999996,146.13333333333333,[NO TEXT],0.0,content\images\Cars253.png
Cars254.png,images,400,367,92.96,106.81198910081743,131.6,126.34332425068119,GOT2P00,1.0,content\images\Cars254.png
Cars255.png,images,400,267,64.96,130.876404494382,152.88,157.72284644194755,MH20EJ0364,1.0,content\images\Cars255.png
Cars256.png,images,400,245,160.16,160.0,224.0,193.82857142857142,YD63LB,1.0,content\images\Cars256.png
Cars257.png,images,400,300,93.52,98.56,134.95999999999998,123.94666666666667,OK LA,1.0,content\images\Cars257.png
Cars258.png,images,400,266,88.47999999999999,154.94736842105263,128.79999999999998,195.3684210526316,KA 01 AC 5957,1.0,content\images\Cars258.png
Cars259.png,images,600,338,120.96000000000001,110.01183431952663,177.33333333333334,135.85798816568047,MH 20 EE 7598,1.0,content\images\Cars259.png
Cars26.png,images,400,225,144.48,183.1822222222222,179.76,212.0533333333333,[NO TEXT],0.0,content\images\Cars26.png
Cars260.png,images,400,240,95.19999999999999,104.53333333333333,129.92,120.4,IH4U 5333,1.0,content\images\Cars260.png
Cars261.png,images,480,360,0.4666666666666667,46.044444444444444,216.53333333333333,95.82222222222222,NDTS08ER1643,1.0,content\images\Cars261.png
Cars262.png,images,400,301,136.07999999999998,136.93023255813952,159.6,152.5581395348837,[NO TEXT],0.0,content\images\Cars262.png
Cars263.png,images,400,292,72.24,199.45205479452054,129.92,222.46575342465752,MH 02 CB 4545,1.0,content\images\Cars263.png
Cars264.png,images,400,400,124.32,168.0,165.2,188.72,FAMU 2010,1.0,content\images\Cars264.png
Cars265.png,images,400,218,48.72,170.56880733944953,120.96,217.83486238532112,M . 771276,1.0,content\images\Cars265.png
Cars266.png,images,400,225,6.159999999999999,56.74666666666666,49.279999999999994,75.66222222222221,[NO TEXT],0.0,content\images\Cars266.png
Cars266.png,images,400,225,8.4,83.62666666666667,47.04,101.54666666666665,nan,,content\images\Cars266.png
Cars266.png,images,400,225,12.879999999999999,109.5111111111111,42.0,121.45777777777776,nan,,content\images\Cars266.png
Cars266.png,images,400,225,13.44,149.33333333333331,41.44,174.2222222222222,nan,,content\images\Cars266.png
Cars266.png,images,400,225,53.199999999999996,104.53333333333332,88.47999999999999,121.45777777777776,nan,,content\images\Cars266.png
Cars266.png,images,400,225,86.24,44.8,220.07999999999998,175.21777777777777,nan,,content\images\Cars266.png
Cars267.png,images,415,220,147.89397590361446,120.14545454545456,185.13734939759036,140.50909090909093,[NO TEXT],0.0,content\images\Cars267.png
Cars268.png,images,300,225,159.04000000000002,132.40888888888887,202.3466666666667,167.25333333333333,[NO TEXT],0.0,content\images\Cars268.png
Cars269.png,images,400,300,61.599999999999994,148.58666666666667,82.32,162.02666666666667,[NO TEXT],0.0,content\images\Cars269.png
Cars27.png,images,400,225,82.88,126.43555555555554,137.2,158.29333333333332,DZ17 YXR,1.0,content\images\Cars27.png
Cars270.png,images,400,225,42.0,172.2311111111111,70.0,194.13333333333333,1P018299,1.0,content\images\Cars270.png
Cars271.png,images,400,266,146.72,118.73684210526316,178.07999999999998,134.73684210526315,YES BOSS,1.0,content\images\Cars271.png
Cars272.png,images,558,229,68.24372759856631,79.23144104803494,126.85304659498209,118.35807860262008,RX6I GDU,1.0,content\images\Cars272.png
Cars273.png,images,590,350,28.094915254237286,84.48,100.23050847457627,110.72,BRIT 0001,1.0,content\images\Cars273.png
Cars274.png,images,400,300,109.75999999999999,111.25333333333334,141.67999999999998,126.18666666666668,MANISA,1.0,content\images\Cars274.png
Cars275.png,images,400,215,55.44,156.27906976744185,90.72,173.9906976744186,BATMAN,1.0,content\images\Cars275.png
Cars276.png,images,400,267,64.39999999999999,97.31835205992509,154.56,130.876404494382,CZ17 KOD,1.0,content\images\Cars276.png
Cars277.png,images,400,291,26.88,167.80756013745705,40.32,173.1958762886598,[NO TEXT],0.0,content\images\Cars277.png
Cars277.png,images,400,291,75.03999999999999,167.03780068728523,85.67999999999999,172.42611683848799,nan,,content\images\Cars277.png
Cars277.png,images,400,291,162.39999999999998,169.34707903780068,172.48,176.27491408934708,nan,,content\images\Cars277.png
Cars277.png,images,400,291,208.88,163.18900343642613,217.28,167.03780068728523,nan,,content\images\Cars277.png
Cars278.png,images,400,201,155.67999999999998,153.7910447761194,176.39999999999998,181.65174129353233,[NO TEXT],0.0,content\images\Cars278.png
Cars279.png,images,400,300,23.52,97.81333333333335,113.11999999999999,181.44000000000003,MMN 306,1.0,content\images\Cars279.png
Cars28.png,images,600,425,201.97333333333336,192.9035294117647,223.25333333333336,202.3905882352941,AP 1-1 AM 0-91,1.0,content\images\Cars28.png
Cars280.png,images,400,267,106.96,155.20599250936328,119.27999999999999,163.59550561797752,[NO TEXT],0.0,content\images\Cars280.png
Cars281.png,images,400,247,84.56,153.26315789473685,136.07999999999998,165.95951417004048,MH 01 DB 0001,1.0,content\images\Cars281.png
Cars282.png,images,350,263,23.68,123.49809885931559,204.16,172.89733840304183,68.611.36,1.0,content\images\Cars282.png
Cars283.png,images,400,205,28.56,206.51707317073172,44.239999999999995,219.62926829268292,[NO TEXT],0.0,content\images\Cars283.png
Cars283.png,images,400,205,76.72,186.84878048780487,87.92,194.49756097560976,nan,,content\images\Cars283.png
Cars284.png,images,375,500,41.81333333333333,89.152,155.30666666666667,121.408,[NO TEXT],0.0,content\images\Cars284.png
Cars285.png,images,400,267,50.959999999999994,93.12359550561797,91.28,112.4194756554307,HR 26.BR.9044,1.0,content\images\Cars285.png
Cars286.png,images,500,375,90.048,114.09066666666668,129.024,137.38666666666668,MIDLYPH,1.0,content\images\Cars286.png
Cars287.png,images,400,332,82.88,121.44578313253011,146.72,143.71084337349396,DL 7C N 5617,1.0,content\images\Cars287.png
Cars288.png,images,400,215,54.32,154.1953488372093,91.83999999999999,176.07441860465116,BATMAN,1.0,content\images\Cars288.png
Cars289.png,images,400,307,91.28,102.14983713355049,151.76,126.22801302931597,S32H,1.0,content\images\Cars289.png
Cars29.png,images,400,299,80.08,128.10702341137124,118.16,155.82608695652175,9214,1.0,content\images\Cars29.png
Cars290.png,images,400,267,125.44,70.47191011235954,151.76,98.99625468164793,S 0V8199,1.0,content\images\Cars290.png
Cars291.png,images,517,303,30.76208897485493,151.55115511551156,93.15280464216634,181.86138613861385,KA-02 A-6579,1.0,content\images\Cars291.png
Cars292.png,images,400,267,50.959999999999994,156.88389513108612,76.72,174.50187265917603,[NO TEXT],0.0,content\images\Cars292.png
Cars293.png,images,400,267,35.839999999999996,134.2322097378277,72.8,151.85018726591758,GBI8 TCE,1.0,content\images\Cars293.png
Cars294.png,images,400,267,79.52,98.15730337078651,122.08,113.25842696629212,01 CC 1A 0001,1.0,content\images\Cars294.png
Cars295.png,images,400,256,29.119999999999997,148.75,40.879999999999995,159.25,[NO TEXT],0.0,content\images\Cars295.png
Cars295.png,images,400,256,132.72,125.125,151.76,141.75,nan,,content\images\Cars295.png
Cars296.png,images,400,318,91.28,111.29559748427673,131.04,138.062893081761,145,1.0,content\images\Cars296.png
Cars297.png,images,400,233,88.47999999999999,143.24463519313306,138.32,163.43347639484978,IM4U 555,1.0,content\images\Cars297.png
Cars298.png,images,400,268,92.96,123.70149253731344,130.48,153.7910447761194,LAMBO,1.0,content\images\Cars298.png
Cars299.png,images,400,300,56.559999999999995,101.54666666666667,151.2,131.41333333333336,SDN7484U,1.0,content\images\Cars299.png
Cars3.png,images,400,225,79.52,127.4311111111111,146.16,156.3022222222222,DZI7 YXR,1.0,content\images\Cars3.png
Cars30.png,images,400,240,86.8,157.73333333333335,112.0,169.86666666666667,JPK 6546,1.0,content\images\Cars30.png
Cars300.png,images,400,225,145.04,184.17777777777775,177.51999999999998,214.04444444444442,[NO TEXT],0.0,content\images\Cars300.png
Cars301.png,images,500,232,91.84,103.31034482758619,135.744,130.3448275862069,G526 JHD,1.0,content\images\Cars301.png
Cars302.png,images,500,234,99.456,93.8119658119658,190.4,142.63247863247864,KL 01 CC 50,1.0,content\images\Cars302.png
Cars303.png,images,400,300,84.0,157.54666666666668,138.32,176.96,KL.54.A.2670,1.0,content\images\Cars303.png
Cars304.png,images,400,226,80.08,112.99115044247787,124.32,154.61946902654867,HNYCHIL3,1.0,content\images\Cars304.png
Cars305.png,images,450,270,179.69777777777776,138.54814814814816,216.03555555555553,151.82222222222222,SGQ51_Ju,1.0,content\images\Cars305.png
Cars306.png,images,400,400,77.83999999999999,157.92,139.44,173.6,LAWYER,1.0,content\images\Cars306.png
Cars307.png,images,600,417,64.21333333333334,87.55875299760193,163.14666666666668,118.17745803357315,M.906090.K,1.0,content\images\Cars307.png
Cars308.png,images,400,300,89.03999999999999,165.01333333333335,132.72,179.9466666666667,HR 26 BC 5514,1.0,content\images\Cars308.png
Cars309.png,images,400,225,85.11999999999999,121.45777777777776,141.12,206.07999999999998,EAB0001,1.0,content\images\Cars309.png
Cars31.png,images,400,245,160.16,158.17142857142858,224.0,192.9142857142857,YD63LB,1.0,content\images\Cars31.png
Cars310.png,images,600,531,89.97333333333334,155.66101694915253,129.92000000000002,175.909604519774,4GET OIL,1.0,content\images\Cars310.png
Cars311.png,images,400,267,165.2,139.26591760299624,198.79999999999998,155.20599250936328,TN21AT8349,1.0,content\images\Cars311.png
Cars311.png,images,400,267,37.519999999999996,76.34456928838951,53.199999999999996,82.21722846441946,nan,,content\images\Cars311.png
Cars312.png,images,590,350,42.14237288135593,42.24,196.664406779661,157.44,PUI8 BES,1.0,content\images\Cars312.png
Cars313.png,images,400,319,98.55999999999999,148.16300940438873,141.12,172.73981191222572,NBEYOND,1.0,content\images\Cars313.png
Cars314.png,images,400,209,109.19999999999999,159.6937799043062,153.44,224.0,6PIV728,1.0,content\images\Cars314.png
Cars315.png,images,400,300,6.72,73.17333333333333,215.6,135.14666666666668,J98257,1.0,content\images\Cars315.png
Cars316.png,images,600,450,140.74666666666667,201.6,177.70666666666668,218.5244444444444,[NO TEXT],0.0,content\images\Cars316.png
Cars316.png,images,600,450,141.49333333333334,95.57333333333332,169.86666666666667,109.5111111111111,nan,,content\images\Cars316.png
Cars317.png,images,400,300,91.83999999999999,150.82666666666668,134.4,164.26666666666668,HR 26 BC 5514,1.0,content\images\Cars317.png
Cars318.png,images,400,225,66.64,116.47999999999999,147.28,159.28888888888886,ALR 486,1.0,content\images\Cars318.png
Cars319.png,images,400,342,93.52,149.33333333333334,129.92,169.6374269005848,FALLYOU,1.0,content\images\Cars319.png
Cars32.png,images,400,300,112.0,111.25333333333334,140.56,124.69333333333334,MANISA,1.0,content\images\Cars32.png
Cars320.png,images,375,500,59.136,100.8,153.51466666666667,119.16799999999999,2662,1.0,content\images\Cars320.png
Cars321.png,images,301,400,99.72093023255815,131.6,125.76744186046511,137.76,[NO TEXT],0.0,content\images\Cars321.png
Cars322.png,images,400,354,153.44,162.6214689265537,196.0,187.9322033898305,700 V,1.0,content\images\Cars322.png
Cars323.png,images,400,225,68.88,27.875555555555554,156.23999999999998,64.71111111111111,TN99F2378,1.0,content\images\Cars323.png
Cars324.png,images,400,225,84.56,137.38666666666666,142.79999999999998,158.29333333333332,VI2LAF,1.0,content\images\Cars324.png
Cars325.png,images,400,226,128.79999999999998,178.4070796460177,146.72,194.26548672566372,[NO TEXT],0.0,content\images\Cars325.png
Cars326.png,images,400,300,78.96,147.84,141.12,171.73333333333335,DL8CX 4850,1.0,content\images\Cars326.png
Cars327.png,images,400,248,77.28,113.80645161290322,146.72,140.0,PGoMN112,1.0,content\images\Cars327.png
Cars328.png,images,400,233,87.36,143.24463519313306,138.88,163.43347639484978,IM4U 555,1.0,content\images\Cars328.png
Cars329.png,images,400,255,92.96,124.73725490196078,125.44,154.60392156862744,16M,1.0,content\images\Cars329.png
Cars33.png,images,400,225,52.64,55.75111111111111,171.35999999999999,168.24888888888887,OX65 AWD,1.0,content\images\Cars33.png
Cars330.png,images,400,300,16.24,143.36,31.919999999999998,151.57333333333335,[NO TEXT],0.0,content\images\Cars330.png
Cars330.png,images,400,300,94.08,150.82666666666668,110.88,159.7866666666667,nan,,content\images\Cars330.png
Cars330.png,images,400,300,175.28,134.4,186.48,142.61333333333334,nan,,content\images\Cars330.png
Cars330.png,images,400,300,215.6,128.42666666666668,223.44,135.14666666666668,nan,,content\images\Cars330.png
Cars331.png,images,560,420,65.6,117.33333333333333,94.0,128.0,HR 26 CB 1900,1.0,content\images\Cars331.png
Cars332.png,images,400,225,80.08,125.43999999999998,145.6,158.29333333333332,DZ17YXR,1.0,content\images\Cars332.png
Cars333.png,images,400,267,65.52,131.71535580524343,151.2,160.23970037453182,MH20EJO364,1.0,content\images\Cars333.png
Cars334.png,images,400,204,86.8,160.31372549019608,118.16,177.88235294117646,E8OLA,1.0,content\images\Cars334.png
Cars335.png,images,399,400,87.57894736842105,91.28,124.0701754385965,110.88,NOTACOP,1.0,content\images\Cars335.png
Cars336.png,images,400,300,68.32,145.60000000000002,148.4,174.72,DL8CX 4850,1.0,content\images\Cars336.png
Cars337.png,images,400,300,66.64,97.81333333333335,76.16,114.98666666666668,[NO TEXT],0.0,content\images\Cars337.png
Cars338.png,images,400,267,166.32,161.91760299625466,176.95999999999998,171.98501872659173,[NO TEXT],0.0,content\images\Cars338.png
Cars339.png,images,500,300,93.63199999999999,100.80000000000001,126.78399999999999,126.18666666666668,007PLATE.COM,1.0,content\images\Cars339.png
Cars34.png,images,400,332,82.32,122.12048192771084,145.6,138.9879518072289,DL7CN5617,1.0,content\images\Cars34.png
Cars340.png,images,400,200,151.2,141.12,179.76,160.16,VX54FVL,1.0,content\images\Cars340.png
Cars341.png,images,400,267,26.32,135.07116104868913,64.39999999999999,161.07865168539325,TS009TC268,1.0,content\images\Cars341.png
Cars342.png,images,400,300,109.75999999999999,110.50666666666667,141.67999999999998,126.18666666666668,MANISA,1.0,content\images\Cars342.png
Cars343.png,images,400,300,61.599999999999994,138.88000000000002,90.72,156.05333333333334,SKIP GAS,1.0,content\images\Cars343.png
Cars344.png,images,450,299,119.46666666666665,118.36789297658862,188.65777777777777,162.5685618729097,GOOGLE,1.0,content\images\Cars344.png
Cars345.png,images,400,299,96.88,107.13043478260869,138.32,136.34782608695653,OMG MOOV,1.0,content\images\Cars345.png
Cars346.png,images,400,246,50.959999999999994,168.4552845528455,110.32,197.59349593495932,KA 03 AB 3380,1.0,content\images\Cars346.png
Cars347.png,images,400,210,127.11999999999999,132.26666666666668,141.12,144.0,[NO TEXT],0.0,content\images\Cars347.png
Cars348.png,images,400,225,87.36,120.46222222222221,140.0,203.0933333333333,EAB001,1.0,content\images\Cars348.png
Cars349.png,images,400,267,21.279999999999998,188.7640449438202,81.75999999999999,208.89887640449436,PY56BXU,1.0,content\images\Cars349.png
Cars35.png,images,400,267,50.959999999999994,156.04494382022472,76.72,174.50187265917603,[NO TEXT],0.0,content\images\Cars35.png
Cars350.png,images,400,268,90.72,149.61194029850748,118.16,157.13432835820896,[NO TEXT],0.0,content\images\Cars350.png
Cars351.png,images,400,225,139.44,47.78666666666666,206.07999999999998,128.42666666666665,CB7R605,1.0,content\images\Cars351.png
Cars352.png,images,300,400,150.08,103.6,162.02666666666667,109.19999999999999,[NO TEXT],0.0,content\images\Cars352.png
Cars352.png,images,300,400,57.49333333333334,101.36,70.18666666666667,106.96,nan,,content\images\Cars352.png
Cars353.png,images,400,246,52.08,172.09756097560975,112.55999999999999,201.23577235772356,KA03 AB 3380,1.0,content\images\Cars353.png
Cars354.png,images,400,267,36.4,169.46816479400746,57.12,186.24719101123594,[NO TEXT],0.0,content\images\Cars354.png
Cars355.png,images,400,266,91.83999999999999,129.68421052631578,133.84,160.0,BKTP 665,1.0,content\images\Cars355.png
Cars356.png,images,550,367,98.15272727272728,131.83651226158037,148.24727272727273,167.84741144414167,BSMART2,1.0,content\images\Cars356.png
Cars357.png,images,400,267,51.519999999999996,156.88389513108612,76.72,173.6629213483146,[NO TEXT],0.0,content\images\Cars357.png
Cars358.png,images,400,200,24.639999999999997,105.28,59.919999999999995,119.83999999999999,PZ62 FDX,1.0,content\images\Cars358.png
Cars358.png,images,400,200,165.76,136.64,200.48,151.2,nan,,content\images\Cars358.png
Cars359.png,images,400,284,127.67999999999999,179.83098591549296,148.95999999999998,189.29577464788733,[NO TEXT],0.0,content\images\Cars359.png
Cars36.png,images,500,375,90.944,115.28533333333334,127.67999999999999,136.78933333333333,MIDLYPH,1.0,content\images\Cars36.png
Cars360.png,images,400,225,29.119999999999997,166.25777777777776,52.64,199.1111111111111,DX103,1.0,content\images\Cars360.png
Cars361.png,images,400,300,82.88,84.37333333333333,170.79999999999998,132.90666666666667,MPEACHW,1.0,content\images\Cars361.png
Cars362.png,images,400,300,77.83999999999999,128.42666666666668,90.72,133.65333333333334,[NO TEXT],0.0,content\images\Cars362.png
Cars363.png,images,400,265,85.67999999999999,142.85283018867926,142.23999999999998,172.43773584905662,WIW 123,1.0,content\images\Cars363.png
Cars364.png,images,400,242,34.16,129.58677685950414,64.39999999999999,154.57851239669424,DL3CBD5092,1.0,content\images\Cars364.png
Cars365.png,images,600,399,109.38666666666667,115.08771929824562,139.25333333333333,126.87719298245614,TN21BZ0768,1.0,content\images\Cars365.png
Cars366.png,images,471,270,68.48407643312102,92.91851851851852,150.28450106157112,132.74074074074076,MH 20 BQ 20,1.0,content\images\Cars366.png
Cars367.png,images,450,299,111.50222222222222,120.61538461538461,190.1511111111111,166.314381270903,GOOGLE,1.0,content\images\Cars367.png
Cars368.png,images,400,300,96.88,129.17333333333335,124.88,151.57333333333335,[NO TEXT],0.0,content\images\Cars368.png
Cars369.png,images,500,400,78.848,141.67999999999998,145.6,156.79999999999998,15-LK-10898,1.0,content\images\Cars369.png
Cars37.png,images,400,268,81.75999999999999,95.28358208955224,137.76,136.23880597014926,FAST,1.0,content\images\Cars37.png
Cars370.png,images,435,290,146.75862068965517,192.3310344827586,218.85057471264366,213.1862068965517,CH01AN0001,1.0,content\images\Cars370.png
Cars371.png,images,400,190,175.28,159.1578947368421,207.76,176.8421052631579,[NO TEXT],0.0,content\images\Cars371.png
Cars372.png,images,560,420,88.4,146.66666666666666,141.2,164.8,HR26CE1485,1.0,content\images\Cars372.png
Cars373.png,images,400,225,90.16,131.41333333333333,147.84,156.3022222222222,TN21BC6225,1.0,content\images\Cars373.png
Cars374.png,images,508,262,156.09448818897638,100.8854961832061,194.45669291338584,121.40458015267176,S7JDw,1.0,content\images\Cars374.png
Cars375.png,images,400,300,80.64,85.12,168.0,108.26666666666668,[NO TEXT],0.0,content\images\Cars375.png
Cars376.png,images,400,265,89.03999999999999,150.46037735849058,141.12,171.5924528301887,B 2228HM,1.0,content\images\Cars376.png
Cars377.png,images,400,225,99.11999999999999,137.38666666666666,120.96,160.28444444444443,[NO TEXT],0.0,content\images\Cars377.png
Cars378.png,images,400,307,66.08,67.1270358306189,142.23999999999998,99.96091205211727,[NO TEXT],0.0,content\images\Cars378.png
Cars379.png,images,400,353,110.32,125.0084985835694,196.56,155.46742209631728,MH14GN9239,1.0,content\images\Cars379.png
Cars38.png,images,386,400,97.4922279792746,109.75999999999999,139.2746113989637,129.35999999999999,OMGBCKY,1.0,content\images\Cars38.png
Cars380.png,images,400,225,176.95999999999998,90.59555555555555,203.83999999999997,125.43999999999998,W718AX,1.0,content\images\Cars380.png
Cars381.png,images,400,225,36.4,130.41777777777776,82.32,154.3111111111111,20-89563,1.0,content\images\Cars381.png
Cars382.png,images,400,300,83.44,153.81333333333333,159.6,179.20000000000002,CRAIG,1.0,content\images\Cars382.png
Cars383.png,images,400,267,30.24,181.2134831460674,49.279999999999994,191.28089887640448,[NO TEXT],0.0,content\images\Cars383.png
Cars384.png,images,400,300,122.64,144.85333333333335,151.76,171.73333333333335,DX103,1.0,content\images\Cars384.png
Cars385.png,images,400,250,38.64,67.2,173.6,171.136,EVO9FTW,1.0,content\images\Cars385.png
Cars386.png,images,600,450,30.986666666666668,152.81777777777776,82.50666666666667,183.1822222222222,AB44887,1.0,content\images\Cars386.png
Cars387.png,images,430,286,84.91162790697675,146.46153846153848,133.35813953488372,176.22377622377624,HR26AZ5927,1.0,content\images\Cars387.png
Cars388.png,images,400,300,83.44,97.06666666666668,142.79999999999998,117.97333333333334,[NO TEXT],0.0,content\images\Cars388.png
Cars389.png,images,600,450,28.74666666666667,151.8222222222222,82.88000000000001,184.17777777777775,AB44887,1.0,content\images\Cars389.png
Cars39.png,images,400,300,126.0,134.4,183.67999999999998,159.04000000000002,MH15BD8877,1.0,content\images\Cars39.png
Cars390.png,images,400,300,201.6,88.10666666666667,222.32,101.54666666666667,[NO TEXT],0.0,content\images\Cars390.png
Cars390.png,images,400,300,3.36,107.52000000000001,27.439999999999998,120.96000000000001,nan,,content\images\Cars390.png
Cars391.png,images,431,242,140.32482598607888,150.87603305785126,166.31090487238978,175.86776859504133,BKWL 324,1.0,content\images\Cars391.png
Cars392.png,images,400,262,80.64,128.2442748091603,145.6,178.68702290076334,DZV G49,1.0,content\images\Cars392.png
Cars393.png,images,400,218,52.64,175.70642201834863,118.16,213.72477064220183,M.771276,1.0,content\images\Cars393.png
Cars394.png,images,555,416,117.44864864864864,89.92307692307692,165.47747747747746,102.3076923076923,MH 12 MR OG13,1.0,content\images\Cars394.png
Cars395.png,images,400,301,134.95999999999998,135.4418604651163,161.28,152.5581395348837,[NO TEXT],0.0,content\images\Cars395.png
Cars396.png,images,282,400,143.77304964539007,147.84,213.67375886524823,161.84,REAP3R,1.0,content\images\Cars396.png
Cars397.png,images,400,299,80.64,126.6086956521739,120.96,158.8227424749164,9214,1.0,content\images\Cars397.png
Cars398.png,images,400,300,40.32,103.78666666666668,109.75999999999999,165.76000000000002,MMN306,1.0,content\images\Cars398.png
Cars399.png,images,400,225,59.36,61.72444444444444,173.04,160.28444444444443,OX65AWD,1.0,content\images\Cars399.png
Cars4.png,images,590,350,59.227118644067794,52.48,190.9694915254237,161.92,PUI8 BES,1.0,content\images\Cars4.png
Cars40.png,images,400,225,146.16,185.17333333333332,177.51999999999998,210.0622222222222,M 1 7 1 0 8 FV1232,1.0,content\images\Cars40.png
Cars400.png,images,400,267,169.67999999999998,160.23970037453182,190.39999999999998,182.05243445692884,[NO TEXT],0.0,content\images\Cars400.png
Cars401.png,images,400,300,88.47999999999999,166.5066666666667,133.28,179.20000000000002,HR 26 BC 5514,1.0,content\images\Cars401.png
Cars402.png,images,450,270,179.2,136.88888888888889,218.02666666666664,150.16296296296298,SGQ511U,1.0,content\images\Cars402.png
Cars403.png,images,400,320,165.76,132.29999999999998,185.92,146.29999999999998,[NO TEXT],0.0,content\images\Cars403.png
Cars403.png,images,400,320,12.879999999999999,121.1,30.24,134.4,nan,,content\images\Cars403.png
Cars404.png,images,370,400,98.07567567567568,116.47999999999999,142.2702702702703,136.64,BMW,1.0,content\images\Cars404.png
Cars405.png,images,586,331,92.12286689419795,140.0845921450151,114.29351535836179,157.00302114803625,[NO TEXT],0.0,content\images\Cars405.png
Cars406.png,images,600,411,106.4,100.82725060827251,139.62666666666667,123.17274939172749,1268,1.0,content\images\Cars406.png
Cars407.png,images,400,267,174.16,153.52808988764045,193.76,169.46816479400746,[NO TEXT],0.0,content\images\Cars407.png
Cars408.png,images,400,267,89.6,182.05243445692884,104.72,191.28089887640448,[NO TEXT],0.0,content\images\Cars408.png
Cars409.png,images,320,276,81.2,118.4927536231884,142.1,136.3478260869565,RK:977AF,1.0,content\images\Cars409.png
Cars41.png,images,301,400,81.11627906976744,101.91999999999999,118.32558139534883,115.36,YNTZDBC,1.0,content\images\Cars41.png
Cars410.png,images,301,400,37.95348837209303,84.0,162.97674418604652,118.72,EWW POOP,1.0,content\images\Cars410.png
Cars411.png,images,400,268,89.6,127.88059701492537,139.44,164.65671641791045,VIPER,1.0,content\images\Cars411.png
Cars412.png,images,590,350,83.90508474576271,110.08,137.4372881355932,129.28,LR33 TEE,1.0,content\images\Cars412.png
Cars413.png,images,400,256,132.72,125.125,151.76,141.75,85-44,1.0,content\images\Cars413.png
Cars413.png,images,400,256,28.56,148.75,40.879999999999995,160.125,nan,,content\images\Cars413.png
Cars414.png,images,400,267,150.64,172.82397003745317,173.04,191.28089887640448,[NO TEXT],1.0,content\images\Cars414.png
Cars415.png,images,400,300,74.47999999999999,117.22666666666667,146.16,143.36,MH 12 NE 8922,1.0,content\images\Cars415.png
Cars416.png,images,400,300,84.0,154.56,131.04,165.01333333333335,172 TMJ,1.0,content\images\Cars416.png
Cars417.png,images,400,295,50.4,110.10169491525423,152.88,148.82711864406778,BAD 231,1.0,content\images\Cars417.png
Cars418.png,images,400,225,55.44,69.68888888888888,169.67999999999998,154.3111111111111,OX65 AWD,1.0,content\images\Cars418.png
Cars419.png,images,400,353,109.19999999999999,124.37393767705382,195.44,153.56373937677054,MH14GN 9239,1.0,content\images\Cars419.png
Cars42.png,images,400,225,99.11999999999999,139.37777777777777,121.52,158.29333333333332,BYHM.136,1.0,content\images\Cars42.png
Cars420.png,images,400,300,62.72,138.88000000000002,89.6,157.54666666666668,SKIP GAS,1.0,content\images\Cars420.png
Cars421.png,images,400,299,53.199999999999996,121.36454849498327,71.11999999999999,137.09698996655518,[NO TEXT],0.0,content\images\Cars421.png
Cars422.png,images,600,338,59.36000000000001,83.50295857988166,110.50666666666667,120.61538461538461,MH20EE7596,1.0,content\images\Cars422.png
Cars423.png,images,400,250,90.72,142.464,158.48,163.968,P3RV P,1.0,content\images\Cars423.png
Cars424.png,images,600,450,47.78666666666667,86.11555555555555,172.10666666666668,120.46222222222221,KA.03.MG.2784,1.0,content\images\Cars424.png
Cars425.png,images,500,232,94.52799999999999,99.44827586206895,134.84799999999998,127.44827586206895,G526JHD,1.0,content\images\Cars425.png
Cars426.png,images,400,300,82.88,153.81333333333333,157.92,177.70666666666668,CRAIG,1.0,content\images\Cars426.png
Cars427.png,images,600,450,88.10666666666667,96.07111111111111,140.0,113.49333333333333,01CC1A0001,1.0,content\images\Cars427.png
Cars428.png,images,400,225,79.52,127.4311111111111,144.48,156.3022222222222,DZ17 YXR,1.0,content\images\Cars428.png
Cars429.png,images,301,400,64.0,92.96,154.7906976744186,109.19999999999999,KA1SER,1.0,content\images\Cars429.png
Cars43.png,images,471,270,67.53290870488323,92.08888888888889,151.7112526539278,133.57037037037037,MH20BQ20,1.0,content\images\Cars43.png
Cars430.png,images,400,225,21.279999999999998,158.29333333333332,64.96,196.12444444444444,BCG 986,1.0,content\images\Cars430.png
Cars431.png,images,400,192,30.799999999999997,95.66666666666667,192.07999999999998,171.5,KLBOSS,1.0,content\images\Cars431.png
Cars432.png,images,467,300,45.56745182012848,192.64000000000001,94.01284796573877,212.05333333333334,DL49 AK49,1.0,content\images\Cars432.png
Cars44.png,images,443,332,9.10158013544018,103.22891566265059,217.42663656884875,182.8433734939759,DL2C AG 0786,1.0,content\images\Cars44.png
Cars45.png,images,400,251,114.24,91.9203187250996,156.79999999999998,156.17529880478088,IMGROOT,1.0,content\images\Cars45.png
Cars46.png,images,400,353,105.83999999999999,122.47025495750708,197.11999999999998,157.37110481586402,MH14GN9239,1.0,content\images\Cars46.png
Cars47.png,images,400,300,3.36,106.77333333333334,26.88,120.21333333333334,[NO TEXT],0.0,content\images\Cars47.png
Cars48.png,images,400,225,53.199999999999996,116.47999999999999,160.16,154.3111111111111,ALR486,1.0,content\images\Cars48.png
Cars49.png,images,400,253,150.07999999999998,151.399209486166,175.84,168.22134387351778,[NO TEXT],0.0,content\images\Cars49.png
Cars5.png,images,400,295,126.55999999999999,165.5322033898305,135.51999999999998,182.23728813559322,[NO TEXT],0.0,content\images\Cars5.png
Cars50.png,images,590,350,44.04067796610169,35.2,199.32203389830508,167.68,PUI8BES,1.0,content\images\Cars50.png
Cars51.png,images,400,266,147.84,118.73684210526316,178.07999999999998,136.42105263157896,YES BOSS,1.0,content\images\Cars51.png
Cars52.png,images,400,300,126.55999999999999,135.14666666666668,183.11999999999998,156.8,MH15BD8877,1.0,content\images\Cars52.png
Cars53.png,images,400,288,81.75999999999999,145.44444444444443,145.6,165.66666666666666,CHIOOSE,1.0,content\images\Cars53.png
Cars54.png,images,400,300,82.88,45.54666666666667,143.92,88.10666666666667,LTM378,1.0,content\images\Cars54.png
Cars55.png,images,400,299,80.08,128.10702341137124,117.6,155.82608695652175,9214,1.0,content\images\Cars55.png
Cars56.png,images,400,192,48.72,95.66666666666667,189.84,170.33333333333334,KLBOSS,1.0,content\images\Cars56.png
Cars57.png,images,431,242,140.32482598607888,149.95041322314052,166.83062645011603,180.49586776859505,BKWL324,1.0,content\images\Cars57.png
Cars58.png,images,400,247,86.24,150.5425101214575,134.95999999999998,169.58704453441297,MH01DB0001,1.0,content\images\Cars58.png
Cars59.png,images,400,300,181.44,120.96000000000001,210.0,130.66666666666669,[NO TEXT],0.0,content\images\Cars59.png
Cars6.png,images,500,375,50.176,68.096,167.10399999999998,142.76266666666666,802.11NVIRGINIA,1.0,content\images\Cars6.png
Cars60.png,images,400,300,25.2,73.17333333333333,203.83999999999997,118.72000000000001,OS 802-HN,1.0,content\images\Cars60.png
Cars61.png,images,400,300,39.76,92.58666666666667,110.88,172.48000000000002,MMN306,1.0,content\images\Cars61.png
Cars62.png,images,400,300,87.36,82.13333333333334,136.07999999999998,118.72000000000001,WATT UP,1.0,content\images\Cars62.png
Cars63.png,images,400,266,30.24,169.26315789473685,50.959999999999994,190.31578947368422,BIG TEAM,1.0,content\images\Cars63.png
Cars64.png,images,400,267,67.2,156.88389513108612,182.0,184.5692883895131,TAXI,1.0,content\images\Cars64.png
Cars65.png,images,520,424,89.16923076923077,105.66037735849056,129.23076923076923,137.35849056603774,OR INNIE,1.0,content\images\Cars65.png
Cars66.png,images,400,299,80.64,127.35785953177258,118.16,151.33110367892976,9214,1.0,content\images\Cars66.png
Cars67.png,images,553,275,76.55696202531645,181.64363636363638,132.86075949367088,202.00727272727272,MH14BN7077,1.0,content\images\Cars67.png
Cars68.png,images,400,268,105.83999999999999,118.68656716417911,137.2,142.92537313432837,BJR216,1.0,content\images\Cars68.png
Cars69.png,images,400,267,43.12,125.84269662921348,69.44,146.81647940074905,KWID,1.0,content\images\Cars69.png
Cars7.png,images,400,279,92.96,113.20430107526883,115.36,123.64157706093191,YSX213,1.0,content\images\Cars7.png
Cars70.png,images,400,226,100.24,113.98230088495576,119.27999999999999,131.82300884955754,[NO TEXT],0.0,content\images\Cars70.png
Cars71.png,images,400,225,142.23999999999998,143.35999999999999,159.04,151.32444444444442,[NO TEXT],0.0,content\images\Cars71.png
Cars71.png,images,400,225,48.16,149.33333333333331,70.0,160.28444444444443,nan,,content\images\Cars71.png
Cars72.png,images,400,332,87.36,122.79518072289156,142.79999999999998,140.33734939759034,DL7CN5617,1.0,content\images\Cars72.png
Cars73.png,images,400,225,66.64,21.90222222222222,158.48,68.69333333333333,TN99F2378,1.0,content\images\Cars73.png
Cars74.png,images,400,267,64.39999999999999,96.47940074906366,155.12,128.35955056179773,CZ17KOD,1.0,content\images\Cars74.png
Cars75.png,images,400,248,117.03999999999999,177.03225806451613,122.08,181.54838709677418,[NO TEXT],0.0,content\images\Cars75.png
Cars76.png,images,480,360,2.8000000000000003,70.93333333333334,219.33333333333334,144.97777777777776,MH-31EARSS,1.0,content\images\Cars76.png
Cars77.png,images,400,270,128.23999999999998,125.27407407407408,173.04,147.67407407407407,HR26CU6799,1.0,content\images\Cars77.png
Cars78.png,images,400,300,83.44,156.8,139.44,178.45333333333335,KL54A2670,1.0,content\images\Cars78.png
Cars79.png,images,600,531,88.85333333333334,153.12994350282486,130.66666666666669,178.01883239171374,4GETOIL,1.0,content\images\Cars79.png
Cars8.png,images,500,232,91.392,100.41379310344827,136.192,129.3793103448276,G526 JHD,1.0,content\images\Cars8.png
Cars80.png,images,400,295,52.64,112.37966101694914,156.23999999999998,141.23389830508472,BAD 231,1.0,content\images\Cars80.png
Cars81.png,images,400,300,166.32,74.66666666666667,183.11999999999998,93.33333333333334,[NO TEXT],0.0,content\images\Cars81.png
Cars82.png,images,400,151,106.39999999999999,87.52317880794702,143.92,114.2251655629139,UP16TC1368,1.0,content\images\Cars82.png
Cars83.png,images,600,450,93.70666666666668,146.84444444444443,121.70666666666668,169.7422222222222,001,1.0,content\images\Cars83.png
Cars84.png,images,400,300,93.52,150.08,133.28,164.26666666666668,HR26BC5514,1.0,content\images\Cars84.png
Cars85.png,images,400,267,48.16,182.89138576779024,81.75999999999999,197.15355805243445,VU63GTY,1.0,content\images\Cars85.png
Cars85.png,images,400,267,175.28,108.22471910112358,200.48,118.29213483146067,nan,,content\images\Cars85.png
Cars86.png,images,586,331,126.90784982935155,119.10574018126889,170.86689419795223,138.05438066465257,MH14DX9937,1.0,content\images\Cars86.png
Cars87.png,images,400,290,1.68,158.3448275862069,25.2,169.9310344827586,TSLA S1,1.0,content\images\Cars87.png
Cars87.png,images,400,290,193.2,129.7655172413793,204.39999999999998,136.71724137931034,nan,,content\images\Cars87.png
Cars88.png,images,400,300,94.08,110.50666666666667,135.51999999999998,127.68,[NO TEXT],0.0,content\images\Cars88.png
Cars89.png,images,400,262,171.92,176.12213740458014,193.2,188.94656488549617,[NO TEXT],0.0,content\images\Cars89.png
Cars89.png,images,400,262,127.11999999999999,189.80152671755724,141.67999999999998,196.64122137404578,nan,,content\images\Cars89.png
Cars9.png,images,442,333,83.11312217194569,150.6786786786787,137.84615384615384,166.15015015015015,MHO1AV8866,1.0,content\images\Cars9.png
Cars90.png,images,400,300,43.12,152.32000000000002,56.559999999999995,168.0,[NO TEXT],0.0,content\images\Cars90.png
Cars91.png,images,400,253,150.64,150.51383399209485,177.51999999999998,167.33596837944663,304O61C,1.0,content\images\Cars91.png
Cars92.png,images,600,400,104.90666666666668,103.6,146.72,151.76,AoDoooo8,1.0,content\images\Cars92.png
Cars93.png,images,400,251,194.32,108.87649402390439,205.51999999999998,117.80079681274901,[NO TEXT],0.0,content\images\Cars93.png
Cars94.png,images,400,319,98.55999999999999,147.46081504702195,140.56,174.14420062695925,NBEYOND,1.0,content\images\Cars94.png
Cars95.png,images,600,400,103.78666666666668,101.91999999999999,151.9466666666667,147.28,AoDoooo8,1.0,content\images\Cars95.png
Cars96.png,images,400,248,74.47999999999999,113.80645161290322,146.16,144.51612903225805,PG0MN112,1.0,content\images\Cars96.png
Cars97.png,images,400,300,54.879999999999995,76.16000000000001,166.32,142.61333333333334,KAO5MG1909,1.0,content\images\Cars97.png
Cars98.png,images,370,400,51.45945945945946,109.75999999999999,149.53513513513514,145.04,YWORRY,1.0,content\images\Cars98.png
Cars99.png,images,375,500,41.81333333333333,88.704,156.50133333333335,121.408,KA09MA2662,1.0,content\images\Cars99.png
